threads,avg_time
1,0.0799341
4,0.048034
8,0.0662627
12,0.0636299
16,0.0463517
20,0.0624929
24,0.0557101
